{
  "main": {
    "id": "5b625edddc407a93",
    "type": "split",
    "children": [
      {
        "id": "7bd7cad1ad2aa67f",
        "type": "tabs",
        "children": [
          {
            "id": "1d4ae1f4cbb3e9c0",
            "type": "leaf",
            "state": {
              "type": "markdown",
              "state": {
                "file": "Assignment 04 Evaluation Plan.md",
                "mode": "source",
                "source": false
              },
              "icon": "lucide-file",
              "title": "Assignment 04 Evaluation Plan"
            }
          }
        ]
      }
    ],
    "direction": "vertical"
  },
  "left": {
    "id": "5ac9938145fc281b",
    "type": "split",
    "children": [
      {
        "id": "6363a0c06bc88a3a",
        "type": "tabs",
        "children": [
          {
            "id": "d67f5362b5abca91",
            "type": "leaf",
            "state": {
              "type": "file-explorer",
              "state": {
                "sortOrder": "alphabetical"
              },
              "icon": "lucide-folder-closed",
              "title": "Files"
            }
          },
          {
            "id": "61e92e2e3e97aa67",
            "type": "leaf",
            "state": {
              "type": "search",
              "state": {
                "query": "",
                "matchingCase": false,
                "explainSearch": false,
                "collapseAll": false,
                "extraContext": false,
                "sortOrder": "alphabetical"
              },
              "icon": "lucide-search",
              "title": "Search"
            }
          },
          {
            "id": "9e7d8257dd906b02",
            "type": "leaf",
            "state": {
              "type": "bookmarks",
              "state": {},
              "icon": "lucide-bookmark",
              "title": "Bookmarks"
            }
          }
        ]
      }
    ],
    "direction": "horizontal",
    "width": 300
  },
  "right": {
    "id": "8fca06f3a55103d8",
    "type": "split",
    "children": [
      {
        "id": "bfac18a0d2889878",
        "type": "tabs",
        "children": [
          {
            "id": "589c8ce0e462e219",
            "type": "leaf",
            "state": {
              "type": "backlink",
              "state": {
                "file": "Assignment 04 Evaluation Plan.md",
                "collapseAll": false,
                "extraContext": false,
                "sortOrder": "alphabetical",
                "showSearch": false,
                "searchQuery": "",
                "backlinkCollapsed": false,
                "unlinkedCollapsed": true
              },
              "icon": "links-coming-in",
              "title": "Backlinks for Assignment 04 Evaluation Plan"
            }
          },
          {
            "id": "989ae7f1c086f6b4",
            "type": "leaf",
            "state": {
              "type": "outgoing-link",
              "state": {
                "file": "Assignment 04 Evaluation Plan.md",
                "linksCollapsed": false,
                "unlinkedCollapsed": true
              },
              "icon": "links-going-out",
              "title": "Outgoing links from Assignment 04 Evaluation Plan"
            }
          },
          {
            "id": "393b53e393d7df18",
            "type": "leaf",
            "state": {
              "type": "tag",
              "state": {
                "sortOrder": "frequency",
                "useHierarchy": true
              },
              "icon": "lucide-tags",
              "title": "Tags"
            }
          },
          {
            "id": "1d76e5f095b3c980",
            "type": "leaf",
            "state": {
              "type": "outline",
              "state": {
                "file": "Assignment 04 Evaluation Plan.md"
              },
              "icon": "lucide-list",
              "title": "Outline of Assignment 04 Evaluation Plan"
            }
          }
        ]
      }
    ],
    "direction": "horizontal",
    "width": 300,
    "collapsed": true
  },
  "left-ribbon": {
    "hiddenItems": {
      "switcher:Open quick switcher": false,
      "graph:Open graph view": false,
      "canvas:Create new canvas": false,
      "daily-notes:Open today's daily note": false,
      "templates:Insert template": false,
      "command-palette:Open command palette": false
    }
  },
  "active": "1d4ae1f4cbb3e9c0",
  "lastOpenFiles": [
    "Assignment 04 Evaluation Plan.md",
    "Welcome.md"
  ]
}