{"requestQueue":[{"lamportClockValue":1,"jsonArray":[{"apparent_t":"9.5","wind_spd_kmh":"15","rel_hum":"60","lon":"138.6","dewpt":"5.7","wind_spd_kt":"8","wind_dir":"S","time_zone":"CST","air_temp":"13.3","cloud":"Partly cloudy","local_date_time_full":"20230715160000","local_date_time":"15/04:00pm","name":"Adelaide (West Terrace /  ngayirdapira)","id":"IDS60901","state":"SA","press":"1023.9","lat":"-34.9","timestamp":1730446500969}]},{"lamportClockValue":650,"jsonArray":[{"apparent_t":"9.5","wind_spd_kmh":"15","rel_hum":"60","lon":"138.6","dewpt":"5.7","wind_spd_kt":"8","wind_dir":"S","time_zone":"CST","air_temp":"13.3","cloud":"Partly cloudy","local_date_time_full":"20230715160000","local_date_time":"15/04:00pm","name":"Adelaide (West Terrace /  ngayirdapira)","id":"IDS60901","state":"SA","press":"1023.9","lat":"-34.9","timestamp":1730446476007}]},{"lamportClockValue":7,"jsonArray":[{"apparent_t":"26.8","wind_spd_kmh":"19","rel_hum":"66","lon":"151.2779","dewpt":"16.2","wind_spd_kt":"10","wind_dir":"NW","time_zone":"EST","air_temp":"24.5","cloud":"Clear","local_date_time_full":"20230715163000","local_date_time":"15/04:30pm","name":"Brisbane (Gold Coast)","id":"IDS10000","state":"NSW","press":"1014.3","lat":"-33.8918","timestamp":1730446501225},{"apparent_t":"17.4","wind_spd_kmh":"14","rel_hum":"71","lon":"144.9671","dewpt":"12.7","wind_spd_kt":"7","wind_dir":"SW","time_zone":"EST","air_temp":"18.2","cloud":"Partly cloudy","local_date_time_full":"20230715161500","local_date_time":"15/04:15pm","name":"Melbourne (Federation Square)","id":"IDS10000","state":"VIC","press":"1018.8","lat":"-37.8175"}]},{"lamportClockValue":632,"jsonArray":[{"apparent_t":"9.5","wind_spd_kmh":"15","rel_hum":"60","lon":"138.6","dewpt":"5.7","wind_spd_kt":"8","wind_dir":"S","time_zone":"CST","air_temp":"13.3","cloud":"Partly cloudy","local_date_time_full":"20230715160000","local_date_time":"15/04:00pm","name":"Adelaide (West Terrace /  ngayirdapira)","id":"IDS60901","state":"SA","press":"1023.9","lat":"-34.9","timestamp":1730446454234}]},{"lamportClockValue":9,"jsonArray":[{"apparent_t":"","wind_spd_kmh":"","rel_hum":"","lon":"","dewpt":"","wind_spd_kt":"","wind_dir":"","time_zone":"","air_temp":"","cloud":"","local_date_time_full":"","local_date_time":"","name":"","id":"IDS60904","state":"","press":"","lat":"","timestamp":1730446501313}]},{"lamportClockValue":656,"jsonArray":[{"apparent_t":"26.8","wind_spd_kmh":"19","rel_hum":"66","lon":"151.2779","dewpt":"16.2","wind_spd_kt":"10","wind_dir":"NW","time_zone":"EST","air_temp":"24.5","cloud":"Clear","local_date_time_full":"20230715163000","local_date_time":"15/04:30pm","name":"Brisbane (Gold Coast)","id":"IDS10000","state":"NSW","press":"1014.3","lat":"-33.8918","timestamp":1730446476270},{"apparent_t":"17.4","wind_spd_kmh":"14","rel_hum":"71","lon":"144.9671","dewpt":"12.7","wind_spd_kt":"7","wind_dir":"SW","time_zone":"EST","air_temp":"18.2","cloud":"Partly cloudy","local_date_time_full":"20230715161500","local_date_time":"15/04:15pm","name":"Melbourne (Federation Square)","id":"IDS10000","state":"VIC","press":"1018.8","lat":"-37.8175"}]},{"lamportClockValue":11,"jsonArray":[{"apparent_t":"28.5","wind_spd_kmh":"16","rel_hum":"78","lon":"153.0249","dewpt":"22.4","wind_spd_kt":"8","wind_dir":"ESE","time_zone":"EST","air_temp":"27.9","cloud":"Mostly cloudy","local_date_time_full":"20230715162000","local_date_time":"15/04:20pm","name":"Brisbane (South Bank)","id":"IDS60904","state":"QLD","press":"1012.1","lat":"-27.4813"},{"apparent_t":"28.5","wind_spd_kmh":"16","rel_hum":"78","lon":"153.0249","dewpt":"22.4","wind_spd_kt":"8","wind_dir":"ESE","time_zone":"EST","air_temp":"27.9","cloud":"Mostly cloudy","local_date_time_full":"20230715162000","local_date_time":"15/04:20pm","name":"Brisbane (South Bank)","id":"IDS60904","state":"QLD","press":"1012.1","lat":"-27.4813"}]},{"lamportClockValue":644,"jsonArray":[{"apparent_t":"invalid_temp","wind_spd_kmh":"invalid_speed","rel_hum":"invalid_hum","lon":"invalid_longitude","dewpt":"invalid_dewpt","wind_spd_kt":"invalid_speed","wind_dir":"S","time_zone":"CST","air_temp":"invalid_temp","cloud":"Partly cloudy","local_date_time_full":"invalid_date_time_full","local_date_time":"invalid_date_time","name":"Adelaide","id":"IDS60905","state":"SA","press":"invalid_press","lat":"invalid_latitude","timestamp":1730446454768}]},{"lamportClockValue":13,"jsonArray":[{"apparent_t":"invalid_temp","wind_spd_kmh":"invalid_speed","rel_hum":"invalid_hum","lon":"invalid_longitude","dewpt":"invalid_dewpt","wind_spd_kt":"invalid_speed","wind_dir":"S","time_zone":"CST","air_temp":"invalid_temp","cloud":"Partly cloudy","local_date_time_full":"invalid_date_time_full","local_date_time":"invalid_date_time","name":"Adelaide","id":"IDS60905","state":"SA","press":"invalid_press","lat":"invalid_latitude","timestamp":1730446501488}]},{"lamportClockValue":658,"jsonArray":[{"apparent_t":"","wind_spd_kmh":"","rel_hum":"","lon":"","dewpt":"","wind_spd_kt":"","wind_dir":"","time_zone":"","air_temp":"","cloud":"","local_date_time_full":"","local_date_time":"","name":"","id":"IDS60904","state":"","press":"","lat":"","timestamp":1730446476363}]},{"lamportClockValue":15,"jsonArray":[{"apparent_t":"-100.0","wind_spd_kmh":"500","rel_hum":"0","lon":"180.0","dewpt":"-100.0","wind_spd_kt":"270","wind_dir":"N","time_zone":"ZZT","air_temp":"-100.0","cloud":"Extreme","local_date_time_full":"20231231235959","local_date_time":"31/12:11pm","name":"Extreme Weather Station","id":"IDS60906","state":"XX","press":"2000.0","lat":"-90.0","timestamp":1730446501580}]},{"lamportClockValue":640,"jsonArray":[{"apparent_t":"","wind_spd_kmh":"","rel_hum":"","lon":"","dewpt":"","wind_spd_kt":"","wind_dir":"","time_zone":"","air_temp":"","cloud":"","local_date_time_full":"","local_date_time":"","name":"","id":"IDS60904","state":"","press":"","lat":"","timestamp":1730446454591}]},{"lamportClockValue":17,"jsonArray":[{"apparent_t":"36.2","wind_spd_kmh":"20","rel_hum":"60","lon":"122.23","dewpt":"23.7","wind_spd_kt":"11","wind_dir":"NW","time_zone":"AWST","air_temp":"33.5","cloud":"Clear","local_date_time_full":"20230715160000","local_date_time":"15/04:00pm","name":"Broome (Airport)","id":"IDS60912","state":"WA","press":"1008.9","lat":"-17.95","timestamp":1730446501698}]},{"lamportClockValue":660,"jsonArray":[{"apparent_t":"28.5","wind_spd_kmh":"16","rel_hum":"78","lon":"153.0249","dewpt":"22.4","wind_spd_kt":"8","wind_dir":"ESE","time_zone":"EST","air_temp":"27.9","cloud":"Mostly cloudy","local_date_time_full":"20230715162000","local_date_time":"15/04:20pm","name":"Brisbane (South Bank)","id":"IDS60904","state":"QLD","press":"1012.1","lat":"-27.4813"},{"apparent_t":"28.5","wind_spd_kmh":"16","rel_hum":"78","lon":"153.0249","dewpt":"22.4","wind_spd_kt":"8","wind_dir":"ESE","time_zone":"EST","air_temp":"27.9","cloud":"Mostly cloudy","local_date_time_full":"20230715162000","local_date_time":"15/04:20pm","name":"Brisbane (South Bank)","id":"IDS60904","state":"QLD","press":"1012.1","lat":"-27.4813"}]},{"lamportClockValue":19,"jsonArray":[{"apparent_t":"9.5","wind_spd_kmh":"15","rel_hum":"60","lon":"138.6","dewpt":"5.7","wind_spd_kt":"8","wind_dir":"S","time_zone":"CST","air_temp":"13.3","cloud":"Partly cloudy","local_date_time_full":"20230715160000","local_date_time":"15/04:00pm","name":"Adelaide (West Terrace /  ngayirdapira)","id":"IDS60901","state":"SA","press":"1023.9","lat":"-34.9"}]},{"lamportClockValue":646,"jsonArray":[{"apparent_t":"-100.0","wind_spd_kmh":"500","rel_hum":"0","lon":"180.0","dewpt":"-100.0","wind_spd_kt":"270","wind_dir":"N","time_zone":"ZZT","air_temp":"-100.0","cloud":"Extreme","local_date_time_full":"20231231235959","local_date_time":"31/12:11pm","name":"Extreme Weather Station","id":"IDS60906","state":"XX","press":"2000.0","lat":"-90.0","timestamp":1730446454889}]},{"lamportClockValue":25,"jsonArray":[{"apparent_t":"26.8","wind_spd_kmh":"19","rel_hum":"66","lon":"151.2779","dewpt":"16.2","wind_spd_kt":"10","wind_dir":"NW","time_zone":"EST","air_temp":"24.5","cloud":"Clear","local_date_time_full":"20230715163000","local_date_time":"15/04:30pm","name":"Brisbane (Gold Coast)","id":"IDS10000","state":"NSW","press":"1014.3","lat":"-33.8918"},{"apparent_t":"17.4","wind_spd_kmh":"14","rel_hum":"71","lon":"144.9671","dewpt":"12.7","wind_spd_kt":"7","wind_dir":"SW","time_zone":"EST","air_temp":"18.2","cloud":"Partly cloudy","local_date_time_full":"20230715161500","local_date_time":"15/04:15pm","name":"Melbourne (Federation Square)","id":"IDS10000","state":"VIC","press":"1018.8","lat":"-37.8175"}]},{"lamportClockValue":662,"jsonArray":[{"apparent_t":"invalid_temp","wind_spd_kmh":"invalid_speed","rel_hum":"invalid_hum","lon":"invalid_longitude","dewpt":"invalid_dewpt","wind_spd_kt":"invalid_speed","wind_dir":"S","time_zone":"CST","air_temp":"invalid_temp","cloud":"Partly cloudy","local_date_time_full":"invalid_date_time_full","local_date_time":"invalid_date_time","name":"Adelaide","id":"IDS60905","state":"SA","press":"invalid_press","lat":"invalid_latitude","timestamp":1730446476540}]},{"lamportClockValue":27,"jsonArray":[{"apparent_t":"","wind_spd_kmh":"","rel_hum":"","lon":"","dewpt":"","wind_spd_kt":"","wind_dir":"","time_zone":"","air_temp":"","cloud":"","local_date_time_full":"","local_date_time":"","name":"","id":"IDS60904","state":"","press":"","lat":""}]},{"lamportClockValue":638,"jsonArray":[{"apparent_t":"26.8","wind_spd_kmh":"19","rel_hum":"66","lon":"151.2779","dewpt":"16.2","wind_spd_kt":"10","wind_dir":"NW","time_zone":"EST","air_temp":"24.5","cloud":"Clear","local_date_time_full":"20230715163000","local_date_time":"15/04:30pm","name":"Brisbane (Gold Coast)","id":"IDS10000","state":"NSW","press":"1014.3","lat":"-33.8918","timestamp":1730446454505},{"apparent_t":"17.4","wind_spd_kmh":"14","rel_hum":"71","lon":"144.9671","dewpt":"12.7","wind_spd_kt":"7","wind_dir":"SW","time_zone":"EST","air_temp":"18.2","cloud":"Partly cloudy","local_date_time_full":"20230715161500","local_date_time":"15/04:15pm","name":"Melbourne (Federation Square)","id":"IDS10000","state":"VIC","press":"1018.8","lat":"-37.8175"}]},{"lamportClockValue":29,"jsonArray":[{"apparent_t":"28.5","wind_spd_kmh":"16","rel_hum":"78","lon":"153.0249","dewpt":"22.4","wind_spd_kt":"8","wind_dir":"ESE","time_zone":"EST","air_temp":"27.9","cloud":"Mostly cloudy","local_date_time_full":"20230715162000","local_date_time":"15/04:20pm","name":"Brisbane (South Bank)","id":"IDS60904","state":"QLD","press":"1012.1","lat":"-27.4813"},{"apparent_t":"28.5","wind_spd_kmh":"16","rel_hum":"78","lon":"153.0249","dewpt":"22.4","wind_spd_kt":"8","wind_dir":"ESE","time_zone":"EST","air_temp":"27.9","cloud":"Mostly cloudy","local_date_time_full":"20230715162000","local_date_time":"15/04:20pm","name":"Brisbane (South Bank)","id":"IDS60904","state":"QLD","press":"1012.1","lat":"-27.4813"}]},{"lamportClockValue":664,"jsonArray":[{"apparent_t":"-100.0","wind_spd_kmh":"500","rel_hum":"0","lon":"180.0","dewpt":"-100.0","wind_spd_kt":"270","wind_dir":"N","time_zone":"ZZT","air_temp":"-100.0","cloud":"Extreme","local_date_time_full":"20231231235959","local_date_time":"31/12:11pm","name":"Extreme Weather Station","id":"IDS60906","state":"XX","press":"2000.0","lat":"-90.0","timestamp":1730446476629}]},{"lamportClockValue":31,"jsonArray":[{"apparent_t":"invalid_temp","wind_spd_kmh":"invalid_speed","rel_hum":"invalid_hum","lon":"invalid_longitude","dewpt":"invalid_dewpt","wind_spd_kt":"invalid_speed","wind_dir":"S","time_zone":"CST","air_temp":"invalid_temp","cloud":"Partly cloudy","local_date_time_full":"invalid_date_time_full","local_date_time":"invalid_date_time","name":"Adelaide","id":"IDS60905","state":"SA","press":"invalid_press","lat":"invalid_latitude"}]},{"lamportClockValue":648,"jsonArray":[{"apparent_t":"36.2","wind_spd_kmh":"20","rel_hum":"60","lon":"122.23","dewpt":"23.7","wind_spd_kt":"11","wind_dir":"NW","time_zone":"AWST","air_temp":"33.5","cloud":"Clear","local_date_time_full":"20230715160000","local_date_time":"15/04:00pm","name":"Broome (Airport)","id":"IDS60912","state":"WA","press":"1008.9","lat":"-17.95","timestamp":1730446455016}]},{"lamportClockValue":33,"jsonArray":[{"apparent_t":"-100.0","wind_spd_kmh":"500","rel_hum":"0","lon":"180.0","dewpt":"-100.0","wind_spd_kt":"270","wind_dir":"N","time_zone":"ZZT","air_temp":"-100.0","cloud":"Extreme","local_date_time_full":"20231231235959","local_date_time":"31/12:11pm","name":"Extreme Weather Station","id":"IDS60906","state":"XX","press":"2000.0","lat":"-90.0"}]},{"lamportClockValue":666,"jsonArray":[{"apparent_t":"36.2","wind_spd_kmh":"20","rel_hum":"60","lon":"122.23","dewpt":"23.7","wind_spd_kt":"11","wind_dir":"NW","time_zone":"AWST","air_temp":"33.5","cloud":"Clear","local_date_time_full":"20230715160000","local_date_time":"15/04:00pm","name":"Broome (Airport)","id":"IDS60912","state":"WA","press":"1008.9","lat":"-17.95","timestamp":1730446476717}]},{"lamportClockValue":35,"jsonArray":[{"apparent_t":"36.2","wind_spd_kmh":"20","rel_hum":"60","lon":"122.23","dewpt":"23.7","wind_spd_kt":"11","wind_dir":"NW","time_zone":"AWST","air_temp":"33.5","cloud":"Clear","local_date_time_full":"20230715160000","local_date_time":"15/04:00pm","name":"Broome (Airport)","id":"IDS60912","state":"WA","press":"1008.9","lat":"-17.95"}]},{"lamportClockValue":642,"jsonArray":[{"apparent_t":"28.5","wind_spd_kmh":"16","rel_hum":"78","lon":"153.0249","dewpt":"22.4","wind_spd_kt":"8","wind_dir":"ESE","time_zone":"EST","air_temp":"27.9","cloud":"Mostly cloudy","local_date_time_full":"20230715162000","local_date_time":"15/04:20pm","name":"Brisbane (South Bank)","id":"IDS60904","state":"QLD","press":"1012.1","lat":"-27.4813"},{"apparent_t":"28.5","wind_spd_kmh":"16","rel_hum":"78","lon":"153.0249","dewpt":"22.4","wind_spd_kt":"8","wind_dir":"ESE","time_zone":"EST","air_temp":"27.9","cloud":"Mostly cloudy","local_date_time_full":"20230715162000","local_date_time":"15/04:20pm","name":"Brisbane (South Bank)","id":"IDS60904","state":"QLD","press":"1012.1","lat":"-27.4813"}]}]}